county,cases_per_100000
Alameda,859.0735079
Colusa,1947.505865
San Benito,1649.433007
Inyo,877.9060315
Shasta,632.2888858
Trinity,194.6982178
San Francisco,826.6463442
Mono,859.5372824
Siskiyou,291.2002912
Imperial,1981.747883
Sonoma,1298.050207
Butte,1227.447433
San Diego,924.7814366
Plumas,205.295573
El Dorado,488.3530642
Lassen,1669.715616
Contra Costa,1151.367254
Calaveras,578.0216307
