county,cases_per_100000
Alameda,1372.631364
Colusa,1894.392068
San Benito,1397.956952
Inyo,1847.938005
Shasta,3555.992694
Trinity,1946.982178
San Francisco,1337.696687
Mono,2041.401046
Siskiyou,2543.452543
Imperial,1497.529337
Sonoma,1550.734092
Butte,2782.765224
San Diego,2054.670964
Plumas,3037.321682
El Dorado,2216.491108
Lassen,3688.674538
Contra Costa,1917.163966
Calaveras,3142.992617
